{"cameraMode":{"drawMode":0,"name":"Shaded","section":"Shading Mode"},"sceneLighting":false,"audioPlay":false,"sceneViewState":{"showFog":true,"showMaterialUpdate":false,"showSkybox":false,"showFlares":true,"showImageEffects":true,"showParticleSystems":true},"in2DMode":false,"pivot":{"x":-4.721737384796143,"y":0.38678789138793948,"z":-13.406682014465332},"rotation":{"x":-0.6840537190437317,"y":-0.00022090121638029814,"z":0.00020816767937503755,"w":-0.729431688785553},"size":4.357883930206299,"orthographic":false}