{"cameraMode":{"drawMode":0,"name":"Shaded","section":"Shading Mode"},"sceneLighting":true,"audioPlay":false,"sceneViewState":{"showFog":true,"showMaterialUpdate":false,"showSkybox":true,"showFlares":true,"showImageEffects":true,"showParticleSystems":true},"in2DMode":false,"pivot":{"x":-23.538198471069337,"y":-7.358440399169922,"z":-77.57455444335938},"rotation":{"x":0.276273250579834,"y":0.0046279048547148708,"z":-0.0013305086176842452,"w":0.9610670804977417},"size":96.25418090820313,"orthographic":false}